{"stats":{"minecraft:crafted":{"minecraft:stick":1,"minecraft:green_wool":1,"minecraft:green_carpet":6},"minecraft:custom":{"minecraft:inspect_dropper":49,"minecraft:interact_with_anvil":2,"minecraft:mob_kills":22,"minecraft:inspect_hopper":110,"minecraft:interact_with_crafting_table":3,"minecraft:open_barrel":148,"minecraft:open_shulker_box":7,"minecraft:leave_game":50,"minecraft:time_since_death":92906,"minecraft:climb_one_cm":20470,"minecraft:sprint_one_cm":1001347,"minecraft:walk_one_cm":1505326,"minecraft:drop":103,"minecraft:play_time":998830,"minecraft:deaths":11,"minecraft:sneak_time":37141,"minecraft:boat_one_cm":122,"minecraft:jump":7330,"minecraft:interact_with_brewingstand":5,"minecraft:walk_on_water_one_cm":6266,"minecraft:total_world_time":1756953,"minecraft:interact_with_furnace":51,"minecraft:play_record":9,"minecraft:interact_with_loom":11,"minecraft:pot_flower":3,"minecraft:time_since_rest":92941,"minecraft:damage_taken":1870,"minecraft:damage_dealt":3136,"minecraft:fly_one_cm":3341652,"minecraft:open_chest":48,"minecraft:crouch_one_cm":66309,"minecraft:fall_one_cm":3411,"minecraft:inspect_dispenser":1},"minecraft:killed":{"minecraft:allay":5,"minecraft:frog":13},"minecraft:dropped":{"minecraft:orange_dye":6,"minecraft:item_frame":1,"minecraft:stone_button":1,"minecraft:green_dye":3,"minecraft:repeater":1,"minecraft:light_gray_stained_glass":128,"minecraft:writable_book":1,"minecraft:sugar":689,"minecraft:smooth_stone":1,"minecraft:cactus":130,"minecraft:white_wool":1,"minecraft:redstone_block":4,"minecraft:green_wool":11,"minecraft:redstone":64,"minecraft:lever":940,"minecraft:stone_sword":4,"minecraft:light_gray_wool":1,"minecraft:green_banner":31,"minecraft:mud_bricks":1,"minecraft:bamboo":2},"minecraft:mined":{"minecraft:lever":3,"minecraft:white_stained_glass":2,"minecraft:gray_stained_glass":2,"minecraft:light_gray_stained_glass":27,"minecraft:oak_button":1},"minecraft:picked_up":{"minecraft:birch_door":166,"minecraft:music_disc_strad":7,"minecraft:ladder":2,"minecraft:golden_sword":15,"minecraft:string":1,"minecraft:item_frame":16,"minecraft:quartz_slab":1,"minecraft:oak_sign":16,"minecraft:comparator":2,"minecraft:spruce_planks":1,"minecraft:redstone_torch":3,"minecraft:quartz_stairs":64,"minecraft:orange_dye":3,"minecraft:torch":4,"minecraft:music_disc_mellohi":1,"minecraft:quartz_pillar":64,"minecraft:stone_button":12,"minecraft:redstone":40,"minecraft:brown_carpet":1,"minecraft:green_banner":14,"minecraft:cactus":4,"minecraft:stripped_dark_oak_wood":27,"minecraft:green_wool":11,"minecraft:glow_berries":5,"minecraft:stripped_birch_wood":64,"minecraft:white_wool":2,"minecraft:repeater":2,"minecraft:tripwire_hook":69,"minecraft:orange_carpet":1,"minecraft:music_disc_stal":1,"minecraft:white_banner":1,"minecraft:red_carpet":1,"minecraft:gray_carpet":2,"minecraft:bamboo":4,"minecraft:green_dye":27,"minecraft:spruce_door":3,"minecraft:dark_prismarine":64,"minecraft:quartz_bricks":64,"minecraft:sugar":70,"minecraft:lever":105,"minecraft:writable_book":9,"minecraft:painting":8,"minecraft:gray_wool":5,"minecraft:spruce_button":2,"minecraft:oak_button":5,"minecraft:light_gray_carpet":4},"minecraft:used":{"minecraft:oak_fence":13,"minecraft:oak_trapdoor":2,"minecraft:nether_brick_fence":1,"minecraft:netherite_sword":16,"minecraft:blue_terracotta":77,"minecraft:writable_book":18,"minecraft:iron_bars":6,"minecraft:flint_and_steel":45,"minecraft:light_gray_stained_glass_pane":9,"minecraft:cracked_deepslate_bricks":6,"minecraft:dispenser":4,"minecraft:spruce_slab":39,"minecraft:redstone":299,"minecraft:ladder":39,"minecraft:oak_sign":129,"minecraft:light_gray_carpet":9,"minecraft:light_blue_terracotta":21,"minecraft:spruce_planks":243,"minecraft:green_banner":18,"minecraft:chest":5,"minecraft:tinted_glass":3,"minecraft:stone":4,"minecraft:stripped_jungle_wood":12,"minecraft:stripped_birch_wood":21,"minecraft:quartz_stairs":6,"minecraft:green_terracotta":4,"minecraft:netherrack":28,"minecraft:torch":18,"minecraft:dirt":12,"minecraft:brewing_stand":1,"minecraft:soul_sand":2,"minecraft:birch_pressure_plate":2,"minecraft:anvil":13,"minecraft:hopper":44,"minecraft:nether_quartz_ore":1,"minecraft:brick_slab":11,"minecraft:nether_bricks":1,"minecraft:spruce_stairs":8,"minecraft:cobblestone_wall":25,"minecraft:orange_wool":28,"minecraft:bee_nest":1,"minecraft:acacia_button":5,"minecraft:beehive":2,"minecraft:spruce_fence":2,"minecraft:cyan_wool":310,"minecraft:stripped_spruce_log":10,"minecraft:milk_bucket":2,"minecraft:oak_fence_gate":2,"minecraft:obsidian":1,"minecraft:spruce_boat":3,"minecraft:music_disc_mellohi":1,"minecraft:glass":14,"minecraft:dark_oak_planks":19,"minecraft:sea_lantern":9,"minecraft:black_stained_glass_pane":3,"minecraft:bricks":52,"minecraft:bookshelf":119,"minecraft:light_gray_stained_glass":29,"minecraft:quartz_pillar":4,"minecraft:light_weighted_pressure_plate":2,"minecraft:quartz_slab":8,"minecraft:red_wool":85,"minecraft:spruce_wood":18,"minecraft:lantern":19,"minecraft:oak_stairs":30,"minecraft:polished_andesite_stairs":10,"minecraft:brick_stairs":18,"minecraft:spruce_button":9,"minecraft:orange_shulker_box":1,"minecraft:quartz_block":163,"minecraft:green_wool":36,"minecraft:dark_oak_slab":28,"minecraft:mossy_cobblestone_slab":6,"minecraft:mud_bricks":2,"minecraft:barrel":46,"minecraft:stone_brick_stairs":12,"minecraft:stone_bricks":911,"minecraft:music_disc_stal":1,"minecraft:item_frame":40,"minecraft:repeater":185,"minecraft:birch_trapdoor":19,"minecraft:light_gray_wool":159,"minecraft:birch_button":2,"minecraft:tripwire_hook":10,"minecraft:glowstone":5,"minecraft:red_carpet":15,"minecraft:redstone_lamp":5,"minecraft:lime_concrete":19,"minecraft:brown_carpet":13,"minecraft:black_stained_glass":87,"minecraft:magenta_wool":57,"minecraft:written_book":4,"minecraft:iron_trapdoor":3,"minecraft:furnace":8,"minecraft:skeleton_skull":9,"minecraft:stone_pressure_plate":7,"minecraft:observer":11,"minecraft:turtle_egg":21,"minecraft:dark_prismarine_stairs":8,"minecraft:quartz_bricks":167,"minecraft:dark_oak_stairs":31,"minecraft:water_bucket":3,"minecraft:chiseled_bookshelf":1,"minecraft:end_rod":17,"minecraft:brick_wall":6,"minecraft:spruce_door":39,"minecraft:dropper":21,"minecraft:birch_planks":205,"minecraft:stripped_birch_log":48,"minecraft:gray_carpet":31,"minecraft:polished_andesite":144,"minecraft:lime_wool":175,"minecraft:oak_planks":22,"minecraft:blackstone":2,"minecraft:leather_chestplate":1,"minecraft:wooden_pickaxe":3,"minecraft:redstone_block":296,"minecraft:sniffer_egg":3,"minecraft:cauldron":10,"minecraft:deepslate_bricks":12,"minecraft:smooth_quartz_stairs":5,"minecraft:cracked_stone_bricks":14,"minecraft:polished_blackstone_bricks":8,"minecraft:oak_leaves":31,"minecraft:glow_berries":4,"minecraft:light_gray_banner":1,"minecraft:tnt":58,"minecraft:orange_carpet":8,"minecraft:comparator":13,"minecraft:crafting_table":4,"minecraft:light_blue_concrete":140,"minecraft:oak_slab":69,"minecraft:dark_prismarine_slab":2,"minecraft:loom":24,"minecraft:red_bed":2,"minecraft:birch_sign":1,"minecraft:gray_concrete":247,"minecraft:painting":71,"minecraft:spruce_log":138,"minecraft:music_disc_strad":7,"minecraft:birch_fence":12,"minecraft:redstone_torch":71,"minecraft:oak_log":15,"minecraft:sticky_piston":8,"minecraft:piston":9,"minecraft:green_concrete":115,"minecraft:dark_prismarine":432,"minecraft:lever":34,"minecraft:flower_pot":3,"minecraft:black_concrete":1,"minecraft:daylight_detector":4,"minecraft:command_block":175,"minecraft:birch_slab":40,"minecraft:heavy_weighted_pressure_plate":3,"minecraft:string":2,"minecraft:brown_wool":174,"minecraft:oak_button":20,"minecraft:barrier":18,"minecraft:stone_button":49,"minecraft:cracked_nether_bricks":2,"minecraft:spruce_trapdoor":112,"minecraft:oak_pressure_plate":2,"minecraft:crimson_nylium":3,"minecraft:yellow_wool":11,"minecraft:green_carpet":8,"minecraft:chiseled_stone_bricks":36,"minecraft:diamond_sword":26,"minecraft:nether_wart_block":2,"minecraft:coal_block":1,"minecraft:crimson_fungus":1,"minecraft:potion":2,"minecraft:white_banner":9,"minecraft:stripped_oak_wood":64,"minecraft:repeating_command_block":66,"minecraft:bucket":2,"minecraft:red_banner":1,"minecraft:birch_log":4,"minecraft:white_stained_glass":11,"minecraft:chain_command_block":112,"minecraft:chain":14,"minecraft:glass_pane":5,"minecraft:smooth_stone_slab":42,"minecraft:polished_blackstone_button":7,"minecraft:gray_wool":331,"minecraft:oak_hanging_sign":3,"minecraft:splash_potion":1,"minecraft:smooth_stone":277,"minecraft:bone_meal":8,"minecraft:jukebox":2,"minecraft:purple_wool":8,"minecraft:birch_stairs":10,"minecraft:gray_stained_glass":6}},"DataVersion":3463}